Workbook

Sheet Dashboard
A1: DASHBOARD DE EJECUCION - Sprint 3
A2: Todos los indicadores se calculan con fórmulas sobre la hoja 'Casos de prueba'
A4: Indicador | B4: Valor | C4: % sobre el total | D4: Lectura
A5: Total de casos diseñados | B5: =COUNTA('Casos de prueba'!A5:A47) -> 43 | D5: 39 del diseño base + 4 adicionales para cerrar la brecha de cobertura
A6: Casos ejecutados | B6: =COUNTIF('Casos de prueba'!L5:L47,"Passed")+COUNTIF('Casos de prueba'!L5:L47,"Failed") -> 41 | C6: =B6/COUNTA('Casos de prueba'!A5:A47) -> 0.95348837 | D6: Casos que pudieron correrse de punta a punta
A7: Passed | B7: =COUNTIF('Casos de prueba'!L5:L47,"Passed") -> 33 | C7: =B7/COUNTA('Casos de prueba'!A5:A47) -> 0.76744186 | D7: Resultado obtenido igual al esperado
A8: Failed | B8: =COUNTIF('Casos de prueba'!L5:L47,"Failed") -> 8 | C8: =B8/COUNTA('Casos de prueba'!A5:A47) -> 0.18604651 | D8: Resultado distinto al esperado - genera bug report
A9: Blocked | B9: =COUNTIF('Casos de prueba'!L5:L47,"Blocked") -> 2 | C9: =B9/COUNTA('Casos de prueba'!A5:A47) -> 0.046511628 | D9: No se pudo ejecutar por un bug previo o falta de entorno
A10: % de éxito sobre el total | B10: =IFERROR(B7/COUNTA('Casos de prueba'!A5:A47),0) -> 0.76744186 | D10: Passed / total de casos diseñados
A11: % de éxito sobre ejecutados | B11: =IFERROR(B7/B6,0) -> 0.80487805 | D11: Passed / casos efectivamente ejecutados (excluye bloqueados)
A12: Bugs reportados | B12: =9 -> 9 | D12: 1 crítico (S1), 4 mayores (S2), 3 menores (S3), 1 trivial (S4)
A14: Casos por tipo de prueba | B14: Cantidad | C14: % sobre el total | D14: Técnica aplicada
A15: Positivo | B15: =COUNTIF('Casos de prueba'!E5:E47,"Positivo") -> 14 | C15: =IFERROR(B15/COUNTA('Casos de prueba'!A5:A47),0) -> 0.3255814 | D15: Flujos principales con datos válidos
A16: Negativo | B16: =COUNTIF('Casos de prueba'!E5:E47,"Negativo") -> 15 | C16: =IFERROR(B16/COUNTA('Casos de prueba'!A5:A47),0) -> 0.34883721 | D16: Partición de equivalencias - clases inválidas
A17: Límite | B17: =COUNTIF('Casos de prueba'!E5:E47,"Límite") -> 8 | C17: =IFERROR(B17/COUNTA('Casos de prueba'!A5:A47),0) -> 0.18604651 | D17: Valores límite en contraseña, teléfono, foto y direcciones
A18: Compatibilidad | B18: =COUNTIF('Casos de prueba'!E5:E47,"Compatibilidad") -> 2 | C18: =IFERROR(B18/COUNTA('Casos de prueba'!A5:A47),0) -> 0.046511628 | D18: Ejecución en Chrome, Firefox y Safari mobile
A19: Interfaz | B19: =COUNTIF('Casos de prueba'!E5:E47,"Interfaz") -> 2 | C19: =IFERROR(B19/COUNTA('Casos de prueba'!A5:A47),0) -> 0.046511628 | D19: Responsive en 375px y 768px
A20: No funcional | B20: =COUNTIF('Casos de prueba'!E5:E47,"No funcional") -> 2 | C20: =IFERROR(B20/COUNTA('Casos de prueba'!A5:A47),0) -> 0.046511628 | D20: Medición de tiempo de carga con DevTools
A21: TOTAL | B21: =SUM(B15:B20) -> 43 | C21: =IFERROR(B21/COUNTA('Casos de prueba'!A5:A47),0) -> 1 | D21: Debe coincidir con el total de casos diseñados

Sheet Casos de prueba
A1: MATRIZ DE CASOS DE PRUEBA - VidaSalud S.A. | Módulo Registro de Pacientes y Turnos Online
A2: 43 casos (39 del diseño base + 4 adicionales CP-040 a CP-043) | Técnicas: partición de equivalencias y valores límite | Ejecución: Sprint 3
A4: ID | B4: Flujo | C4: Req. asociado | D4: Descripción del caso | E4: Tipo | F4: Prioridad | G4: Precondiciones | H4: Pasos para ejecutar | I4: Datos de prueba | J4: Resultado esperado | K4: Resultado obtenido | L4: Estado | M4: Navegador / Entorno | N4: Evidencia | O4: Bug asociado | P4: Ejecutado por | Q4: Fecha
A5: CP-001 | B5: F1 - Registro: validación de DNI | C5: RF-01 | D5: DNI válido de 8 dígitos es aceptado | E5: Positivo | F5: Alta | G5: Paciente no registrado / navegador en modo incógnito | H5: 1. Ingresar a /registro 2. Escribir un DNI de 8 dígitos 3. Salir del campo (blur) | I5: 20123456 | J5: El DNI se acepta y el campo no muestra errores | K5: El DNI se acepta correctamente. Se observa que el placeholder del campo dice 'Ingrese su DU' en lugar de 'DNI' (defecto cosmético -> BUG-008) | L5: Passed | M5: Chrome 120 | N5: CP-001-dni-8-digitos-chrome.png | O5: BUG-008 (cosmético, no bloquea el flujo) | P5: Jeisson M. Uribe | Q5: 06/07/2026
A6: CP-002 | B6: F1 - Registro: validación de DNI | C6: RF-01 | D6: DNI válido de 7 dígitos es aceptado (límite inferior válido) | E6: Límite | F6: Alta | G6: Paciente no registrado | H6: 1. Ingresar a /registro 2. Escribir un DNI de 7 dígitos 3. Salir del campo | I6: 1234567 | J6: El DNI se acepta y el campo no muestra errores | K6: El DNI se acepta correctamente | L6: Passed | M6: Chrome 120 | N6: CP-002-dni-7-digitos-chrome.png | O6: - | P6: Jeisson M. Uribe | Q6: 06/07/2026
A7: CP-003 | B7: F1 - Registro: validación de DNI | C7: RF-01 | D7: DNI de 6 dígitos es rechazado (límite inferior - 1) | E7: Límite | F7: Alta | G7: Paciente no registrado | H7: 1. Ingresar a /registro 2. Escribir un DNI de 6 dígitos 3. Salir del campo | I7: 123456 | J7: Mensaje 'El DNI debe tener entre 7 y 8 dígitos' y el formulario no avanza | K7: Se muestra el mensaje esperado | L7: Passed | M7: Chrome 120 | N7: CP-003-dni-6-digitos-chrome.png | O7: - | P7: Jeisson M. Uribe | Q7: 06/07/2026
A8: CP-004 | B8: F1 - Registro: validación de DNI | C8: RF-01 | D8: DNI de 9 dígitos es rechazado (límite superior + 1) | E8: Límite | F8: Alta | G8: Paciente no registrado | H8: 1. Ingresar a /registro 2. Escribir un DNI de 9 dígitos 3. Salir del campo | I8: 123456789 | J8: Mensaje 'El DNI debe tener entre 7 y 8 dígitos' y el formulario no avanza | K8: Se muestra el mensaje esperado | L8: Passed | M8: Chrome 120 | N8: CP-004-dni-9-digitos-chrome.png | O8: - | P8: Jeisson M. Uribe | Q8: 06/07/2026
A9: CP-005 | B9: F1 - Registro: validación de DNI | C9: RF-01 | D9: DNI con caracteres no numéricos es rechazado | E9: Negativo | F9: Alta | G9: Paciente no registrado | H9: 1. Ingresar a /registro 2. Escribir un DNI con letras 3. Salir del campo | I9: 1234AB78 | J9: Mensaje 'El DNI solo admite números' y el formulario no avanza | K9: Se muestra el mensaje esperado | L9: Passed | M9: Chrome 120 | N9: CP-005-dni-con-letras-chrome.png | O9: - | P9: Jeisson M. Uribe | Q9: 06/07/2026
A10: CP-006 | B10: F1 - Registro: validación de DNI | C10: RF-01 | D10: DNI ya registrado es rechazado con mensaje específico | E10: Negativo | F10: Alta | G10: Existe un paciente previo registrado con el DNI 20123456 | H10: 1. Ingresar a /registro 2. Completar el formulario con un DNI ya registrado 3. Enviar | I10: 20123456 / TestPass1234! | J10: Mensaje 'Paciente ya registrado. Inicie sesión o recupere su contraseña' | K10: El sistema muestra el mensaje genérico 'Error inesperado', sin indicar que el DNI ya existe -> BUG-005 | L10: Failed | M10: Chrome 120 | N10: CP-006-dni-duplicado-chrome.png | O10: BUG-005 | P10: Jeisson M. Uribe | Q10: 06/07/2026
A11: CP-007 | B11: F2 - Registro: validación de email | C11: RF-02 | D11: Email con formato válido es aceptado | E11: Positivo | F11: Alta | G11: Paciente no registrado | H11: 1. Ingresar a /registro 2. Escribir un email válido 3. Salir del campo | I11: qa_test01@mail.com | J11: El campo se valida sin mensajes de error | K11: El campo se acepta correctamente | L11: Passed | M11: Chrome 120 | N11: CP-007-email-valido-chrome.png | O11: - | P11: Jeisson M. Uribe | Q11: 06/07/2026
A12: CP-008 | B12: F2 - Registro: validación de email | C12: RF-02 | D12: Email sin @ muestra error de formato | E12: Negativo | F12: Alta | G12: Paciente no registrado | H12: 1. Ingresar a /registro 2. Escribir un email sin @ 3. Salir del campo | I12: qa_test02mail.com | J12: Mensaje 'Ingrese un email válido' y el formulario no avanza | K12: Se muestra el mensaje esperado | L12: Passed | M12: Chrome 120 | N12: CP-008-email-sin-arroba-chrome.png | O12: - | P12: Jeisson M. Uribe | Q12: 06/07/2026
A13: CP-009 | B13: F2 - Registro: validación de email | C13: RF-02 | D13: Email sin dominio muestra error de formato | E13: Negativo | F13: Alta | G13: Paciente no registrado | H13: 1. Ingresar a /registro 2. Escribir un email sin dominio 3. Salir del campo | I13: qa_test02@ | J13: Mensaje 'Ingrese un email válido' y el formulario no avanza | K13: Se muestra el mensaje esperado | L13: Passed | M13: Chrome 120 | N13: CP-009-email-sin-dominio-chrome.png | O13: - | P13: Jeisson M. Uribe | Q13: 06/07/2026
A14: CP-010 | B14: F2 - Registro: validación de email | C14: RF-02 | D14: Email ya registrado es rechazado | E14: Negativo | F14: Alta | G14: Existe un paciente previo con qa_test01@mail.com | H14: 1. Ingresar a /registro 2. Completar el formulario con un email ya registrado 3. Enviar | I14: qa_test01@mail.com | J14: Mensaje 'El email ya está en uso' | K14: Se muestra el mensaje esperado | L14: Passed | M14: Chrome 120 | N14: CP-010-email-duplicado-chrome.png | O14: - | P14: Jeisson M. Uribe | Q14: 06/07/2026
A15: CP-011 | B15: F2 - Registro: validación de email | C15: RF-02 | D15: Campo email vacío impide el envío | E15: Negativo | F15: Alta | G15: Paciente no registrado | H15: 1. Ingresar a /registro 2. Dejar el email vacío 3. Completar el resto y enviar | I15: (vacío) | J15: Mensaje 'El email es obligatorio' | K15: Se muestra el mensaje esperado | L15: Passed | M15: Chrome 120 | N15: CP-011-email-vacio-chrome.png | O15: - | P15: Jeisson M. Uribe | Q15: 06/07/2026
... A47: CP-043 | B47: F8 - Casos adicionales de cobertura | C47: RF-08 | D47: Filtrar especialidades por cobertura de la obra social | E47: Positivo | F47: Media | G47: Paciente logueado con obra social OSDE cargada | H47: 1. Ingresar a /turnos 2. Activar el filtro 'Solo profesionales que atienden mi obra social' 3. Revisar el listado | I47: Obra social: OSDE | J47: El listado muestra únicamente profesionales que atienden esa cobertura | K47: El filtro se aplica correctamente y el listado se reduce a los profesionales con esa cobertura | L47: Passed | M47: Chrome 120 | N47: CP-043-filtro-obra-social-chrome.png | O47: - | P47: Jeisson M. Uribe | Q47: 09/07/2026
